Number,Image
11,http://www.foundalis.com/res/bps/bongard/p011.gif
8,http://www.foundalis.com/res/bps/bongard/p008.gif
3,http://www.foundalis.com/res/bps/bongard/p003.gif
10,http://www.foundalis.com/res/bps/bongard/p010.gif
9,http://www.foundalis.com/res/bps/bongard/p009.gif
5,http://www.foundalis.com/res/bps/bongard/p005.gif
6,http://www.foundalis.com/res/bps/bongard/p006.gif
4,http://www.foundalis.com/res/bps/bongard/p004.gif
7,http://www.foundalis.com/res/bps/bongard/p007.gif
2,http://www.foundalis.com/res/bps/bongard/p002.gif
1,http://www.foundalis.com/res/bps/bongard/p001.gif
63,http://www.foundalis.com/res/bps/bongard/p063.gif
62,http://www.foundalis.com/res/bps/bongard/p062.gif
61,http://www.foundalis.com/res/bps/bongard/p061.gif
60,http://www.foundalis.com/res/bps/bongard/p060.gif
59,http://www.foundalis.com/res/bps/bongard/p059.gif
280,http://www.foundalis.com/res/bps/merse/p280.gif
278,http://www.foundalis.com/res/bps/merse/p278.gif
279,http://www.foundalis.com/res/bps/merse/p279.gif
276,http://www.foundalis.com/res/bps/merse/p276.gif
275,http://www.foundalis.com/res/bps/merse/p275.gif
274,http://www.foundalis.com/res/bps/merse/p274.gif
273,http://www.foundalis.com/res/bps/merse/p273.gif
272,http://www.foundalis.com/res/bps/merse/p272.gif
277,http://www.foundalis.com/res/bps/merse/p277.gif
271,http://www.foundalis.com/res/bps/merse/p271.gif
270,http://www.foundalis.com/res/bps/merse/p270.gif
269,http://www.foundalis.com/res/bps/merse/p269.gif
268,http://www.foundalis.com/res/bps/merse/p268.gif
264,http://www.foundalis.com/res/bps/merse/p264.gif
267,http://www.foundalis.com/res/bps/merse/p267.gif
266,http://www.foundalis.com/res/bps/merse/p266.gif
265,http://www.foundalis.com/res/bps/merse/p265.gif
262,http://www.foundalis.com/res/bps/barenbaum/p262.gif
263,http://www.foundalis.com/res/bps/barenbaum/p263.gif
261,http://www.foundalis.com/res/bps/ihde/p261.gif
260,http://www.foundalis.com/res/bps/gunnarsson/p260.gif
259,http://www.foundalis.com/res/bps/gunnarsson/p259.gif
258,http://www.foundalis.com/res/bps/gunnarsson/p258.gif
257,http://www.foundalis.com/res/bps/gunnarsson/p257.gif
256,http://www.foundalis.com/res/bps/gunnarsson/p256.gif
255,http://www.foundalis.com/res/bps/gunnarsson/p255.gif
254,http://www.foundalis.com/res/bps/gunnarsson/p254.gif
251,http://www.foundalis.com/res/bps/gunnarsson/p251.gif
253,http://www.foundalis.com/res/bps/gunnarsson/p253.gif
252,http://www.foundalis.com/res/bps/gunnarsson/p252.gif
250,http://www.foundalis.com/res/bps/gunnarsson/p250.gif
249,http://www.foundalis.com/res/bps/gunnarsson/p249.gif
248,http://www.foundalis.com/res/bps/gunnarsson/p248.gif
247,http://www.foundalis.com/res/bps/gunnarsson/p247.gif
246,http://www.foundalis.com/res/bps/gunnarsson/p246.gif
245,http://www.foundalis.com/res/bps/gunnarsson/p245.gif
244,http://www.foundalis.com/res/bps/howells/p244.gif
243,http://www.foundalis.com/res/bps/howells/p243.gif
242,http://www.foundalis.com/res/bps/howells/p242.gif
241,http://www.foundalis.com/res/bps/howells/p241.gif
240,http://www.foundalis.com/res/bps/howells/p240.gif
238,http://www.foundalis.com/res/bps/foundal/p238.gif
237,http://www.foundalis.com/res/bps/shanahan/p237.gif
239,http://www.foundalis.com/res/bps/foundal/p239.gif
236,http://www.foundalis.com/res/bps/shanahan/p236.gif
235,http://www.foundalis.com/res/bps/shanahan/p235.gif
234,http://www.foundalis.com/res/bps/shanahan/p234.gif
233,http://www.foundalis.com/res/bps/shanahan/p233.gif
232,http://www.foundalis.com/res/bps/insana/p232.gif
226,http://www.foundalis.com/res/bps/insana/p226.gif
231,http://www.foundalis.com/res/bps/insana/p231.gif
230,http://www.foundalis.com/res/bps/insana/p230.gif
229,http://www.foundalis.com/res/bps/insana/p229.gif
228,http://www.foundalis.com/res/bps/insana/p228.gif
227,http://www.foundalis.com/res/bps/insana/p227.gif
225,http://www.foundalis.com/res/bps/insana/p225.gif
224,http://www.foundalis.com/res/bps/insana/p224.gif
223,http://www.foundalis.com/res/bps/insana/p223.gif
219,http://www.foundalis.com/res/bps/insana/p219.gif
222,http://www.foundalis.com/res/bps/insana/p222.gif
221,http://www.foundalis.com/res/bps/insana/p221.gif
220,http://www.foundalis.com/res/bps/insana/p220.gif
218,http://www.foundalis.com/res/bps/insana/p218.gif
217,http://www.foundalis.com/res/bps/insana/p217.gif
216,http://www.foundalis.com/res/bps/insana/p216.gif
214,http://www.foundalis.com/res/bps/insana/p214.gif
215,http://www.foundalis.com/res/bps/insana/p215.gif
213,http://www.foundalis.com/res/bps/insana/p213.gif
212,http://www.foundalis.com/res/bps/insana/p212.gif
211,http://www.foundalis.com/res/bps/insana/p211.gif
210,http://www.foundalis.com/res/bps/insana/p210.gif
209,http://www.foundalis.com/res/bps/insana/p209.gif
208,http://www.foundalis.com/res/bps/insana/p208.gif
207,http://www.foundalis.com/res/bps/insana/p207.gif
205,http://www.foundalis.com/res/bps/insana/p205.gif
204,http://www.foundalis.com/res/bps/insana/p204.gif
203,http://www.foundalis.com/res/bps/insana/p203.gif
202,http://www.foundalis.com/res/bps/insana/p202.gif
206,http://www.foundalis.com/res/bps/insana/p206.gif
201,http://www.foundalis.com/res/bps/insana/p201.gif
200,http://www.foundalis.com/res/bps/foundal/p200.gif
198,http://www.foundalis.com/res/bps/foundal/p198.gif
199,http://www.foundalis.com/res/bps/foundal/p199.gif
197,http://www.foundalis.com/res/bps/foundal/p197.gif
194,http://www.foundalis.com/res/bps/foundal/p194.gif
196,http://www.foundalis.com/res/bps/foundal/p196.gif
195,http://www.foundalis.com/res/bps/foundal/p195.gif
193,http://www.foundalis.com/res/bps/foundal/p193.gif
192,http://www.foundalis.com/res/bps/foundal/p192.gif
191,http://www.foundalis.com/res/bps/foundal/p191.gif
190,http://www.foundalis.com/res/bps/foundal/p190.gif
189,http://www.foundalis.com/res/bps/foundal/p189.gif
188,http://www.foundalis.com/res/bps/foundal/p188.gif
184,http://www.foundalis.com/res/bps/foundal/p184.gif
187,http://www.foundalis.com/res/bps/foundal/p187.gif
186,http://www.foundalis.com/res/bps/foundal/p186.gif
185,http://www.foundalis.com/res/bps/foundal/p185.gif
182,http://www.foundalis.com/res/bps/foundal/p182.gif
183,http://www.foundalis.com/res/bps/foundal/p183.gif
181,http://www.foundalis.com/res/bps/foundal/p181.gif
180,http://www.foundalis.com/res/bps/foundal/p180.gif
179,http://www.foundalis.com/res/bps/foundal/p179.gif
178,http://www.foundalis.com/res/bps/foundal/p178.gif
177,http://www.foundalis.com/res/bps/foundal/p177.gif
176,http://www.foundalis.com/res/bps/foundal/p176.gif
175,http://www.foundalis.com/res/bps/foundal/p175.gif
174,http://www.foundalis.com/res/bps/foundal/p174.gif
173,http://www.foundalis.com/res/bps/foundal/p173.gif
172,http://www.foundalis.com/res/bps/foundal/p172.gif
170,http://www.foundalis.com/res/bps/foundal/p170.gif
169,http://www.foundalis.com/res/bps/foundal/p169.gif
168,http://www.foundalis.com/res/bps/foundal/p168.gif
171,http://www.foundalis.com/res/bps/foundal/p171.gif
167,http://www.foundalis.com/res/bps/foundal/p167.gif
166,http://www.foundalis.com/res/bps/foundal/p166.gif
165,http://www.foundalis.com/res/bps/foundal/p165.gif
163,http://www.foundalis.com/res/bps/foundal/p163.gif
164,http://www.foundalis.com/res/bps/foundal/p164.gif
158,http://www.foundalis.com/res/bps/foundal/p158.gif
162,http://www.foundalis.com/res/bps/foundal/p162.gif
161,http://www.foundalis.com/res/bps/foundal/p161.gif
160,http://www.foundalis.com/res/bps/foundal/p160.gif
159,http://www.foundalis.com/res/bps/foundal/p159.gif
157,http://www.foundalis.com/res/bps/foundal/p157.gif
154,http://www.foundalis.com/res/bps/doughof/p154.gif
156,http://www.foundalis.com/res/bps/doughof/p156.gif
153,http://www.foundalis.com/res/bps/doughof/p153.gif
155,http://www.foundalis.com/res/bps/doughof/p155.gif
152,http://www.foundalis.com/res/bps/doughof/p152.gif
151,http://www.foundalis.com/res/bps/doughof/p151.gif
150,http://www.foundalis.com/res/bps/doughof/p150.gif
149,http://www.foundalis.com/res/bps/doughof/p149.gif
148,http://www.foundalis.com/res/bps/doughof/p148.gif
147,http://www.foundalis.com/res/bps/doughof/p147.gif
146,http://www.foundalis.com/res/bps/doughof/p146.gif
145,http://www.foundalis.com/res/bps/doughof/p145.gif
144,http://www.foundalis.com/res/bps/doughof/p144.gif
143,http://www.foundalis.com/res/bps/doughof/p143.gif
142,http://www.foundalis.com/res/bps/doughof/p142.gif
141,http://www.foundalis.com/res/bps/doughof/p141.gif
140,http://www.foundalis.com/res/bps/doughof/p140.gif
139,http://www.foundalis.com/res/bps/doughof/p139.gif
138,http://www.foundalis.com/res/bps/doughof/p138.gif
137,http://www.foundalis.com/res/bps/doughof/p137.gif
136,http://www.foundalis.com/res/bps/doughof/p136.gif
135,http://www.foundalis.com/res/bps/doughof/p135.gif
134,http://www.foundalis.com/res/bps/doughof/p134.gif
133,http://www.foundalis.com/res/bps/doughof/p133.gif
132,http://www.foundalis.com/res/bps/doughof/p132.gif
131,http://www.foundalis.com/res/bps/doughof/p131.gif
130,http://www.foundalis.com/res/bps/doughof/p130.gif
129,http://www.foundalis.com/res/bps/doughof/p129.gif
128,http://www.foundalis.com/res/bps/doughof/p128.gif
127,http://www.foundalis.com/res/bps/doughof/p127.gif
126,http://www.foundalis.com/res/bps/doughof/p126.gif
125,http://www.foundalis.com/res/bps/doughof/p125.gif
124,http://www.foundalis.com/res/bps/doughof/p124.gif
123,http://www.foundalis.com/res/bps/doughof/p123.gif
122,http://www.foundalis.com/res/bps/doughof/p122.gif
121,http://www.foundalis.com/res/bps/doughof/p121.gif
120,http://www.foundalis.com/res/bps/doughof/p120.gif
119,http://www.foundalis.com/res/bps/doughof/p119.gif
118,http://www.foundalis.com/res/bps/doughof/p118.gif
117,http://www.foundalis.com/res/bps/doughof/p117.gif
116,http://www.foundalis.com/res/bps/doughof/p116.gif
113,http://www.foundalis.com/res/bps/doughof/p113.gif
112,http://www.foundalis.com/res/bps/doughof/p112.gif
115,http://www.foundalis.com/res/bps/doughof/p115.gif
114,http://www.foundalis.com/res/bps/doughof/p114.gif
111,http://www.foundalis.com/res/bps/doughof/p111.gif
110,http://www.foundalis.com/res/bps/doughof/p110.gif
109,http://www.foundalis.com/res/bps/doughof/p109.gif
108,http://www.foundalis.com/res/bps/doughof/p108.gif
107,http://www.foundalis.com/res/bps/doughof/p107.gif
106,http://www.foundalis.com/res/bps/doughof/p106.gif
103,http://www.foundalis.com/res/bps/doughof/p103.gif
102,http://www.foundalis.com/res/bps/doughof/p102.gif
105,http://www.foundalis.com/res/bps/doughof/p105.gif
104,http://www.foundalis.com/res/bps/doughof/p104.gif
101,http://www.foundalis.com/res/bps/doughof/p101.gif
100,http://www.foundalis.com/res/bps/bongard/p100.gif
99,http://www.foundalis.com/res/bps/bongard/p099.gif
98,http://www.foundalis.com/res/bps/bongard/p098.gif
97,http://www.foundalis.com/res/bps/bongard/p097.gif
96,http://www.foundalis.com/res/bps/bongard/p096.gif
95,http://www.foundalis.com/res/bps/bongard/p095.gif
94,http://www.foundalis.com/res/bps/bongard/p094.gif
93,http://www.foundalis.com/res/bps/bongard/p093.gif
92,http://www.foundalis.com/res/bps/bongard/p092.gif
91,http://www.foundalis.com/res/bps/bongard/p091.gif
90,http://www.foundalis.com/res/bps/bongard/p090.gif
89,http://www.foundalis.com/res/bps/bongard/p089.gif
88,http://www.foundalis.com/res/bps/bongard/p088.gif
87,http://www.foundalis.com/res/bps/bongard/p087.gif
86,http://www.foundalis.com/res/bps/bongard/p086.gif
85,http://www.foundalis.com/res/bps/bongard/p085.gif
84,http://www.foundalis.com/res/bps/bongard/p084.gif
83,http://www.foundalis.com/res/bps/bongard/p083.gif
82,http://www.foundalis.com/res/bps/bongard/p082.gif
81,http://www.foundalis.com/res/bps/bongard/p081.gif
80,http://www.foundalis.com/res/bps/bongard/p080.gif
77,http://www.foundalis.com/res/bps/bongard/p077.gif
79,http://www.foundalis.com/res/bps/bongard/p079.gif
78,http://www.foundalis.com/res/bps/bongard/p078.gif
76,http://www.foundalis.com/res/bps/bongard/p076.gif
75,http://www.foundalis.com/res/bps/bongard/p075.gif
74,http://www.foundalis.com/res/bps/bongard/p074.gif
73,http://www.foundalis.com/res/bps/bongard/p073.gif
72,http://www.foundalis.com/res/bps/bongard/p072.gif
71,http://www.foundalis.com/res/bps/bongard/p071.gif
69,http://www.foundalis.com/res/bps/bongard/p069.gif
70,http://www.foundalis.com/res/bps/bongard/p070.gif
68,http://www.foundalis.com/res/bps/bongard/p068.gif
67,http://www.foundalis.com/res/bps/bongard/p067.gif
66,http://www.foundalis.com/res/bps/bongard/p066.gif
65,http://www.foundalis.com/res/bps/bongard/p065.gif
64,http://www.foundalis.com/res/bps/bongard/p064.gif
58,http://www.foundalis.com/res/bps/bongard/p058.gif
57,http://www.foundalis.com/res/bps/bongard/p057.gif
56,http://www.foundalis.com/res/bps/bongard/p056.gif
55,http://www.foundalis.com/res/bps/bongard/p055.gif
54,http://www.foundalis.com/res/bps/bongard/p054.gif
53,http://www.foundalis.com/res/bps/bongard/p053.gif
52,http://www.foundalis.com/res/bps/bongard/p052.gif
51,http://www.foundalis.com/res/bps/bongard/p051.gif
50,http://www.foundalis.com/res/bps/bongard/p050.gif
49,http://www.foundalis.com/res/bps/bongard/p049.gif
48,http://www.foundalis.com/res/bps/bongard/p048.gif
47,http://www.foundalis.com/res/bps/bongard/p047.gif
46,http://www.foundalis.com/res/bps/bongard/p046.gif
45,http://www.foundalis.com/res/bps/bongard/p045.gif
44,http://www.foundalis.com/res/bps/bongard/p044.gif
43,http://www.foundalis.com/res/bps/bongard/p043.gif
42,http://www.foundalis.com/res/bps/bongard/p042.gif
41,http://www.foundalis.com/res/bps/bongard/p041.gif
40,http://www.foundalis.com/res/bps/bongard/p040.gif
39,http://www.foundalis.com/res/bps/bongard/p039.gif
38,http://www.foundalis.com/res/bps/bongard/p038.gif
37,http://www.foundalis.com/res/bps/bongard/p037.gif
36,http://www.foundalis.com/res/bps/bongard/p036.gif
35,http://www.foundalis.com/res/bps/bongard/p035.gif
34,http://www.foundalis.com/res/bps/bongard/p034.gif
32,http://www.foundalis.com/res/bps/bongard/p032.gif
33,http://www.foundalis.com/res/bps/bongard/p033.gif
31,http://www.foundalis.com/res/bps/bongard/p031.gif
30,http://www.foundalis.com/res/bps/bongard/p030.gif
29,http://www.foundalis.com/res/bps/bongard/p029.gif
28,http://www.foundalis.com/res/bps/bongard/p028.gif
27,http://www.foundalis.com/res/bps/bongard/p027.gif
26,http://www.foundalis.com/res/bps/bongard/p026.gif
25,http://www.foundalis.com/res/bps/bongard/p025.gif
24,http://www.foundalis.com/res/bps/bongard/p024.gif
23,http://www.foundalis.com/res/bps/bongard/p023.gif
22,http://www.foundalis.com/res/bps/bongard/p022.gif
21,http://www.foundalis.com/res/bps/bongard/p021.gif
20,http://www.foundalis.com/res/bps/bongard/p020.gif
19,http://www.foundalis.com/res/bps/bongard/p019.gif
18,http://www.foundalis.com/res/bps/bongard/p018.gif
17,http://www.foundalis.com/res/bps/bongard/p017.gif
16,http://www.foundalis.com/res/bps/bongard/p016.gif
15,http://www.foundalis.com/res/bps/bongard/p015.gif
14,http://www.foundalis.com/res/bps/bongard/p014.gif
13,http://www.foundalis.com/res/bps/bongard/p013.gif
12,http://www.foundalis.com/res/bps/bongard/p012.gif
